{"frames": {

"1.png":
{
	"frame": {"x":1,"y":1,"w":167,"h":183},
	"rotated": false,
	"trimmed": false,
	"spriteSourceSize": {"x":0,"y":0,"w":167,"h":183},
	"sourceSize": {"w":167,"h":183}
},
"2.png":
{
	"frame": {"x":170,"y":1,"w":167,"h":183},
	"rotated": false,
	"trimmed": false,
	"spriteSourceSize": {"x":0,"y":0,"w":167,"h":183},
	"sourceSize": {"w":167,"h":183}
},
"3.png":
{
	"frame": {"x":339,"y":1,"w":167,"h":183},
	"rotated": false,
	"trimmed": false,
	"spriteSourceSize": {"x":0,"y":0,"w":167,"h":183},
	"sourceSize": {"w":167,"h":183}
},
"4.png":
{
	"frame": {"x":508,"y":1,"w":167,"h":183},
	"rotated": false,
	"trimmed": false,
	"spriteSourceSize": {"x":0,"y":0,"w":167,"h":183},
	"sourceSize": {"w":167,"h":183}
},
"5.png":
{
	"frame": {"x":677,"y":1,"w":167,"h":183},
	"rotated": false,
	"trimmed": false,
	"spriteSourceSize": {"x":0,"y":0,"w":167,"h":183},
	"sourceSize": {"w":167,"h":183}
},
"6.png":
{
	"frame": {"x":846,"y":1,"w":167,"h":183},
	"rotated": false,
	"trimmed": false,
	"spriteSourceSize": {"x":0,"y":0,"w":167,"h":183},
	"sourceSize": {"w":167,"h":183}
}},
"meta": {
	"app": "https://www.codeandweb.com/texturepacker",
	"version": "1.0",
	"image": "griddle.png",
	"format": "RGBA8888",
	"size": {"w":1014,"h":185},
	"scale": "1",
	"smartupdate": "$TexturePacker:SmartUpdate:3c432f187abd92671179dc37d09c69fa:f8f9ef968491a2a1a93aede3c92b4637:ea755dbbf3dc44e6cd8b080161c939b6$"
}
}
